phenotype,t_stat,p_value
Phenotype_A,70.64444745121108,0.0
Phenotype_B,-45.68743197486495,0.0
Phenotype_C,-65.25904906714234,0.0
Phenotype_D,-120.28565628964502,0.0
Phenotype_E,147.747969177454,0.0
